-- phpMyAdmin SQL Dump
-- version 5.2.1
-- https://www.phpmyadmin.net/
--
-- Host: localhost
-- Waktu pembuatan: 26 Feb 2024 pada 09.51
-- Versi server: 10.3.39-MariaDB-0ubuntu0.20.04.2
-- Versi PHP: 7.4.33

SET SQL_MODE = "NO_AUTO_VALUE_ON_ZERO";
START TRANSACTION;
SET time_zone = "+00:00";


/*!40101 SET @OLD_CHARACTER_SET_CLIENT=@@CHARACTER_SET_CLIENT */;
/*!40101 SET @OLD_CHARACTER_SET_RESULTS=@@CHARACTER_SET_RESULTS */;
/*!40101 SET @OLD_COLLATION_CONNECTION=@@COLLATION_CONNECTION */;
/*!40101 SET NAMES utf8mb4 */;

--
-- Database: `kasir`
--

-- --------------------------------------------------------

--
-- Struktur dari tabel `detailpenjualan`
--

CREATE TABLE `detailpenjualan` (
  `DetailID` int(11) NOT NULL,
  `PenjualanID` int(11) NOT NULL,
  `ProdukID` int(11) NOT NULL,
  `JumlahProduk` int(11) NOT NULL,
  `Subtotal` decimal(10,2) NOT NULL
) ENGINE=InnoDB DEFAULT CHARSET=utf8mb4 COLLATE=utf8mb4_general_ci;

--
-- Dumping data untuk tabel `detailpenjualan`
--

INSERT INTO `detailpenjualan` (`DetailID`, `PenjualanID`, `ProdukID`, `JumlahProduk`, `Subtotal`) VALUES
(7, 4, 5, 1, 45000.00),
(86, 3, 6, 2, 11000.00),
(92, 9, 7, 1, 35000.00),
(94, 10, 5, 1, 45000.00);

--
-- Trigger `detailpenjualan`
--
DELIMITER $$
CREATE TRIGGER `pengurangan` AFTER INSERT ON `detailpenjualan` FOR EACH ROW BEGIN
UPDATE produk SET Stok=Stok-NEW.JumlahProduk WHERE ProdukID=NEW.ProdukID;
END
$$
DELIMITER ;

-- --------------------------------------------------------

--
-- Struktur dari tabel `pelanggan`
--

CREATE TABLE `pelanggan` (
  `PelangganID` varchar(20) NOT NULL,
  `NamaPelanggan` varchar(255) NOT NULL,
  `Alamat` text NOT NULL,
  `NomorTelepon` varchar(15) NOT NULL
) ENGINE=InnoDB DEFAULT CHARSET=utf8mb4 COLLATE=utf8mb4_general_ci;

--
-- Dumping data untuk tabel `pelanggan`
--

INSERT INTO `pelanggan` (`PelangganID`, `NamaPelanggan`, `Alamat`, `NomorTelepon`) VALUES
('2502073127', 'nisaa', 'tuban', '085679533'),
('2602061254', 'yuni', 'kerek', '009755634'),
('502051155', 'wonisa', 'mbogor', '08579166778'),
('602021215', 'niniss', 'temandang', '0874565788');

-- --------------------------------------------------------

--
-- Struktur dari tabel `penjualan`
--

CREATE TABLE `penjualan` (
  `PenjualanID` int(11) NOT NULL,
  `TanggalPenjualan` date NOT NULL,
  `TotalHarga` decimal(10,2) NOT NULL DEFAULT 0.00,
  `PelangganID` varchar(20) NOT NULL
) ENGINE=InnoDB DEFAULT CHARSET=utf8mb4 COLLATE=utf8mb4_general_ci;

--
-- Dumping data untuk tabel `penjualan`
--

INSERT INTO `penjualan` (`PenjualanID`, `TanggalPenjualan`, `TotalHarga`, `PelangganID`) VALUES
(3, '2024-02-05', 11000.00, '502051155'),
(4, '2024-02-06', 45000.00, '602021215'),
(9, '2024-02-25', 35000.00, '2502073127'),
(10, '2024-02-26', 45000.00, '2602061254');

-- --------------------------------------------------------

--
-- Struktur dari tabel `petugas`
--

CREATE TABLE `petugas` (
  `id_petugas` int(11) NOT NULL,
  `nama_petugas` varchar(255) NOT NULL,
  `username` text NOT NULL,
  `password` text NOT NULL,
  `level` int(11) NOT NULL
) ENGINE=InnoDB DEFAULT CHARSET=utf8mb4 COLLATE=utf8mb4_general_ci;

--
-- Dumping data untuk tabel `petugas`
--

INSERT INTO `petugas` (`id_petugas`, `nama_petugas`, `username`, `password`, `level`) VALUES
(3, 'Administrator', 'admin', 'c7753557b59d251571c55a79ef78ee4a', 1),
(10, 'petugas', 'petugas', 'd57c5a66ec05f4841b38420c87441a24', 2);

-- --------------------------------------------------------

--
-- Struktur dari tabel `produk`
--

CREATE TABLE `produk` (
  `ProdukID` int(11) NOT NULL,
  `NamaProduk` varchar(255) NOT NULL,
  `Harga` decimal(10,2) NOT NULL,
  `Stok` int(11) NOT NULL
) ENGINE=InnoDB DEFAULT CHARSET=utf8mb4 COLLATE=utf8mb4_general_ci;

--
-- Dumping data untuk tabel `produk`
--

INSERT INTO `produk` (`ProdukID`, `NamaProduk`, `Harga`, `Stok`) VALUES
(1, 'tas', 100000.00, 9),
(2, 'sepatu', 150000.00, 8),
(4, 'krayon', 35000.00, 10),
(5, 'tumbler', 45000.00, 2),
(6, 'paperbag', 5500.00, 7),
(7, 'Buku', 35000.00, 6),
(12, 'kotak pensil', 10000.00, 2);

--
-- Indexes for dumped tables
--

--
-- Indeks untuk tabel `detailpenjualan`
--
ALTER TABLE `detailpenjualan`
  ADD PRIMARY KEY (`DetailID`);

--
-- Indeks untuk tabel `pelanggan`
--
ALTER TABLE `pelanggan`
  ADD PRIMARY KEY (`PelangganID`);

--
-- Indeks untuk tabel `penjualan`
--
ALTER TABLE `penjualan`
  ADD PRIMARY KEY (`PenjualanID`);

--
-- Indeks untuk tabel `petugas`
--
ALTER TABLE `petugas`
  ADD PRIMARY KEY (`id_petugas`);

--
-- Indeks untuk tabel `produk`
--
ALTER TABLE `produk`
  ADD PRIMARY KEY (`ProdukID`);

--
-- AUTO_INCREMENT untuk tabel yang dibuang
--

--
-- AUTO_INCREMENT untuk tabel `detailpenjualan`
--
ALTER TABLE `detailpenjualan`
  MODIFY `DetailID` int(11) NOT NULL AUTO_INCREMENT, AUTO_INCREMENT=95;

--
-- AUTO_INCREMENT untuk tabel `penjualan`
--
ALTER TABLE `penjualan`
  MODIFY `PenjualanID` int(11) NOT NULL AUTO_INCREMENT, AUTO_INCREMENT=11;

--
-- AUTO_INCREMENT untuk tabel `petugas`
--
ALTER TABLE `petugas`
  MODIFY `id_petugas` int(11) NOT NULL AUTO_INCREMENT, AUTO_INCREMENT=11;

--
-- AUTO_INCREMENT untuk tabel `produk`
--
ALTER TABLE `produk`
  MODIFY `ProdukID` int(11) NOT NULL AUTO_INCREMENT, AUTO_INCREMENT=13;
COMMIT;

/*!40101 SET CHARACTER_SET_CLIENT=@OLD_CHARACTER_SET_CLIENT */;
/*!40101 SET CHARACTER_SET_RESULTS=@OLD_CHARACTER_SET_RESULTS */;
/*!40101 SET COLLATION_CONNECTION=@OLD_COLLATION_CONNECTION */;
